,Model,Engine Size,Mileage,Fuel Type,Transmission,Price,Car_Age
0,Honda,3.9,74176,Petrol,Manual,30246.20793120509,10
1,Ford,1.7,94799,Electric,Automatic,22785.747684331356,11
2,BMW,4.1,98385,Electric,Manual,25760.290347165286,19
3,Honda,2.6,88919,Electric,Automatic,25638.00349070714,10
4,Honda,3.4,138482,Petrol,Automatic,21021.386657394465,21
5,Ford,2.7,81462,Electric,Manual,25509.93287629353,10
6,Audi,1.3,179340,Diesel,Manual,12268.206025234887,25
7,Audi,2.0,165320,Electric,Automatic,27783.73788099169,7
8,Honda,4.4,31159,Electric,Automatic,27392.17842052496,21
9,Ford,4.4,42039,Electric,Automatic,28434.53362361644,19
10,Audi,2.1,47800,Electric,Automatic,29404.954005061834,7
11,Ford,4.5,40761,Diesel,Manual,36811.01281668896,4
12,Ford,4.0,94626,Petrol,Automatic,25205.003959368507,21
13,Honda,3.1,118368,Diesel,Manual,27796.075501353043,9
14,Honda,1.1,174735,Diesel,Manual,23521.88168354501,4
15,Toyota,4.2,80903,Petrol,Manual,26493.183231202293,18
16,Audi,3.0,171484,Electric,Automatic,16626.379445014078,25
17,Audi,4.0,118998,Petrol,Automatic,21122.1891416249,24
18,Audi,3.9,166439,Petrol,Manual,21853.33258714576,11
19,BMW,3.9,136885,Diesel,Manual,34716.98001970374,6
20,Ford,3.4,59894,Petrol,Manual,32761.645499094437,8
21,Honda,2.0,51444,Electric,Manual,23469.161589430896,15
22,Audi,2.2,165341,Diesel,Automatic,20093.070808766803,16
23,Toyota,2.1,61748,Electric,Manual,18920.31855483959,22
24,Audi,1.1,41190,Diesel,Automatic,20152.09690167459,21
25,Ford,3.0,40318,Electric,Automatic,21520.12291774841,22
26,Ford,3.4,168090,Petrol,Automatic,23293.130308719145,13
27,Honda,4.0,124078,Petrol,Automatic,23633.389547739884,13
28,BMW,1.5,39759,Petrol,Manual,29288.89578862573,8
29,Honda,2.9,16498,Electric,Automatic,25839.54216182566,24
30,Audi,1.0,25989,Diesel,Manual,25546.588800832757,10
31,Toyota,1.3,156640,Diesel,Automatic,14089.788408398124,25
32,Honda,1.2,117035,Diesel,Manual,22788.321295955186,7
33,BMW,3.5,66577,Petrol,Manual,27694.611928539816,17
34,Honda,1.3,105231,Electric,Manual,15961.213902875084,23
35,Ford,3.5,161171,Diesel,Manual,22519.39025009384,19
36,Audi,1.9,89900,Electric,Manual,19181.81635933002,16
37,Audi,4.1,171711,Diesel,Automatic,16604.498169800227,25
38,Audi,3.8,104679,Petrol,Manual,23648.417357426908,16
39,Audi,4.4,23482,Electric,Automatic,37032.60751681,5
40,Audi,4.1,69212,Diesel,Manual,28849.579398883176,17
41,Audi,4.3,186333,Diesel,Automatic,25844.62473356537,11
42,Toyota,4.0,30048,Diesel,Automatic,31479.64694321859,11
43,BMW,3.4,134137,Diesel,Automatic,14502.975868116162,23
44,Audi,1.6,133108,Petrol,Manual,17622.004589515123,21
45,BMW,2.0,35814,Diesel,Automatic,26785.398168634143,17
46,Audi,1.7,190766,Diesel,Manual,28722.71774326649,4
47,Honda,3.1,147996,Petrol,Manual,20951.40955857868,17
48,Audi,2.8,129493,Diesel,Automatic,19794.718978131823,19
49,Ford,4.0,60204,Electric,Automatic,30130.309562576305,14
50,Toyota,4.3,32844,Electric,Manual,29445.48311355711,17
51,Honda,2.4,81943,Diesel,Manual,24753.59681452641,20
52,Honda,2.8,21518,Petrol,Manual,22407.72268350372,24
53,Ford,4.4,148131,Petrol,Manual,23895.75456201794,17
54,Audi,2.0,23052,Petrol,Manual,31599.826148544693,9
55,Toyota,3.8,69803,Diesel,Manual,23726.57862526377,25
56,Honda,1.8,71524,Diesel,Automatic,30346.215343516054,7
57,Toyota,3.4,89572,Electric,Manual,22948.26789714067,20
58,Honda,1.9,139752,Petrol,Manual,20338.96900473741,21
59,Audi,4.1,67021,Diesel,Automatic,21021.26925344609,24
60,Honda,3.0,20043,Diesel,Automatic,24750.239377055197,17
61,Honda,1.7,2419,Diesel,Automatic,31337.129832918512,12
62,BMW,1.8,187964,Petrol,Manual,14716.4991509295,22
63,Audi,2.7,121831,Petrol,Automatic,21650.08173175999,22
64,Ford,4.4,101799,Electric,Automatic,32908.9919162183,5
65,Ford,3.7,148212,Petrol,Manual,25975.3181829386,11
66,Audi,2.7,174556,Diesel,Manual,16516.158281751552,18
67,Ford,2.2,194941,Electric,Manual,15099.270863365697,22
68,Audi,2.9,176282,Petrol,Manual,26209.114472633504,10
69,Ford,3.6,57600,Petrol,Automatic,33433.34058814334,5
70,BMW,3.7,116467,Petrol,Manual,23440.80639148045,22
71,Ford,2.1,78497,Petrol,Automatic,28083.89791878724,10
72,Honda,3.5,108611,Diesel,Manual,29044.03396667674,4
73,Audi,3.3,137559,Petrol,Automatic,25936.31066350544,14
74,Toyota,4.4,60692,Diesel,Manual,31637.942553880304,10
75,Toyota,4.3,62112,Diesel,Manual,32975.09518341061,7
76,Audi,3.8,162182,Diesel,Manual,26186.290378010654,18
77,BMW,3.5,16360,Electric,Automatic,28876.60673366304,20
78,Ford,2.0,180482,Diesel,Automatic,17198.895951445586,16
79,BMW,4.0,83038,Petrol,Automatic,24977.176126019443,21
80,Toyota,2.5,3017,Electric,Manual,32422.38985271645,8
81,Audi,2.0,86261,Petrol,Automatic,26559.13630867799,16
82,Audi,2.3,191196,Diesel,Manual,18619.12116092821,16
83,BMW,3.9,182021,Petrol,Manual,25114.947306661936,19
84,BMW,1.5,189340,Electric,Manual,18439.53460515992,8
85,Ford,2.6,66320,Electric,Automatic,20819.294492658613,25
86,Honda,2.7,31127,Petrol,Manual,24317.93911560689,19
87,Honda,1.1,134268,Petrol,Automatic,23496.94278916075,5
88,Ford,1.7,75088,Petrol,Manual,17699.356990781285,25
89,Honda,3.9,172372,Electric,Manual,23758.786640002247,11
90,Toyota,3.9,180786,Diesel,Manual,22721.04360997124,22
91,Honda,2.0,31921,Petrol,Automatic,33749.07065768503,6
92,Ford,4.1,4746,Diesel,Automatic,32267.989022928246,16
93,Honda,3.7,68535,Electric,Manual,26024.54621022126,17
94,Audi,2.5,65350,Petrol,Automatic,19866.033914444622,24
95,BMW,3.6,181417,Petrol,Automatic,25112.76748295554,12
96,Toyota,4.4,180292,Electric,Manual,26885.701902472352,10
97,Audi,2.6,81131,Petrol,Manual,19853.79809280083,25
98,Audi,1.8,22063,Diesel,Automatic,23079.23601460086,24
99,Ford,4.3,117116,Electric,Manual,26526.341081820985,19
100,BMW,3.1,88913,Electric,Manual,24946.26993994605,16
101,BMW,1.4,78946,Petrol,Automatic,26778.048174623844,4
102,Toyota,3.0,177043,Electric,Automatic,23005.61866634597,6
103,Ford,2.8,134670,Petrol,Manual,18367.763348682925,25
104,Toyota,4.0,10564,Petrol,Automatic,36806.29194626599,13
105,Honda,2.9,49725,Electric,Automatic,20092.42346009751,25
106,Audi,1.9,86134,Petrol,Manual,22692.238162068115,21
107,Toyota,3.4,105940,Diesel,Manual,26651.88768130642,10
108,Audi,2.9,191012,Diesel,Manual,21301.336928173827,11
109,Ford,1.8,62085,Petrol,Manual,29325.596960235664,9
110,Honda,3.0,17862,Diesel,Automatic,31096.38368667561,10
111,Ford,3.9,10265,Petrol,Automatic,32783.26959298096,13
112,Honda,1.1,140777,Diesel,Manual,19619.33951242473,15
113,Honda,3.2,186351,Electric,Manual,22734.554676473184,9
114,Audi,2.2,62471,Petrol,Manual,30066.6451118404,9
115,Ford,2.0,91080,Petrol,Manual,18822.83562553442,24
116,Ford,2.4,194051,Petrol,Automatic,17320.429502165516,13
117,Toyota,2.2,55828,Petrol,Automatic,25323.63196173479,12
118,Ford,3.9,116884,Petrol,Manual,19722.494305080218,15
119,Toyota,2.0,108007,Petrol,Manual,22203.63406434929,16
120,BMW,3.6,46104,Electric,Automatic,27502.93292669767,23
121,BMW,1.3,40934,Electric,Automatic,25459.000344440086,9
122,BMW,4.3,114420,Diesel,Automatic,30050.07651667699,11
123,Ford,3.2,6050,Petrol,Automatic,29958.63476812381,17
124,Ford,3.5,175024,Diesel,Manual,20245.044948824983,16
125,Toyota,2.0,8484,Diesel,Automatic,29148.868312636343,18
126,Honda,2.4,62648,Electric,Automatic,30122.279119550163,5
127,Toyota,1.8,59945,Diesel,Automatic,29623.28675967311,13
128,BMW,4.3,184750,Electric,Manual,23591.142061999555,8
129,Toyota,2.7,31323,Diesel,Manual,24295.578896817515,21
130,Honda,3.2,86332,Petrol,Automatic,23282.89595196669,20
131,Ford,3.6,94605,Diesel,Automatic,29388.52395735864,9
132,Toyota,2.3,166433,Electric,Manual,21711.01196857656,15
133,BMW,3.5,10315,Electric,Manual,41780.5046353258,6
134,BMW,3.4,47968,Electric,Automatic,31811.732307069517,10
135,Ford,3.5,157591,Diesel,Manual,22168.93048525096,17
136,Toyota,2.7,9107,Diesel,Automatic,22252.25095286496,24
137,Honda,2.3,55781,Electric,Manual,19030.73705469249,21
138,Ford,1.8,3869,Petrol,Automatic,24747.071662736176,25
139,Toyota,3.9,80983,Petrol,Automatic,23157.28168816858,22
140,Audi,3.1,158442,Diesel,Manual,23986.216706491232,22
141,BMW,2.6,193767,Diesel,Automatic,26748.073236771117,4
142,Honda,4.3,191494,Electric,Manual,19708.418946895927,23
143,Honda,1.2,7971,Diesel,Manual,25789.70779178422,17
144,Honda,4.0,96805,Diesel,Manual,33467.70353011093,4
145,BMW,4.5,25651,Electric,Automatic,30828.316109272462,14
146,Toyota,4.1,56974,Electric,Automatic,25348.2945923593,16
147,Ford,3.8,23446,Diesel,Automatic,24826.32974696832,24
148,Toyota,2.3,169180,Petrol,Manual,20104.287551612528,15
149,Ford,1.8,3823,Diesel,Automatic,25613.21539754382,16
150,Honda,3.6,144526,Petrol,Automatic,26901.532900080103,4
151,Toyota,2.1,135004,Petrol,Automatic,17453.37937007505,20
152,Honda,1.6,141292,Petrol,Automatic,25706.864933945883,8
153,Audi,3.8,67965,Electric,Manual,25198.14156878829,24
154,Honda,2.1,159280,Electric,Automatic,16078.81959180701,24
155,Honda,4.2,10510,Electric,Manual,32548.69585260059,16
156,Ford,3.9,175117,Diesel,Manual,23280.283064811338,10
157,Audi,4.0,141609,Electric,Manual,23828.70041649039,14
158,Honda,3.7,105935,Electric,Manual,21725.28014875638,25
159,Honda,4.1,69134,Diesel,Automatic,31734.282338134355,5
160,Audi,3.8,72254,Diesel,Automatic,26704.09649617642,18
161,Audi,3.1,144854,Petrol,Automatic,22932.250811894453,10
162,Toyota,2.0,114780,Diesel,Manual,22461.774141132773,8
163,Ford,4.1,125544,Diesel,Automatic,28394.957512089757,13
164,Audi,3.9,65587,Electric,Manual,32574.74170435552,11
165,Audi,2.7,82238,Petrol,Automatic,29026.458012185118,5
166,BMW,1.1,75720,Petrol,Automatic,19873.07483505823,14
167,Audi,3.2,78004,Diesel,Automatic,20583.0556219742,18
168,Ford,1.2,22072,Electric,Manual,28480.40029906886,16
169,Honda,4.2,81015,Electric,Automatic,30072.03170700992,12
170,Honda,4.4,72746,Electric,Manual,24946.713405663508,21
171,Honda,1.7,176774,Electric,Manual,21333.476872345043,8
172,Honda,3.4,102260,Diesel,Manual,25860.335499702134,7
173,BMW,1.3,137129,Electric,Automatic,22983.346947532464,11
174,Audi,3.6,128259,Petrol,Automatic,26287.265383770668,20
175,Honda,2.2,30916,Petrol,Manual,25288.685982241248,15
176,Toyota,3.4,27268,Diesel,Manual,39203.51407329373,5
177,Honda,2.3,175050,Electric,Manual,19614.6902010778,15
178,Audi,1.5,23259,Electric,Manual,33670.556257087344,6
179,Honda,2.4,184655,Electric,Manual,24681.69208859138,6
180,BMW,1.4,79400,Electric,Automatic,28442.26237800999,5
181,Ford,3.0,34293,Diesel,Automatic,35473.20148503057,8
182,Ford,1.1,111581,Electric,Automatic,25686.357877203704,8
183,Audi,2.8,7043,Diesel,Manual,29497.54615666564,16
184,Ford,4.1,181502,Electric,Manual,14742.226323856292,24
185,Ford,3.9,107009,Electric,Automatic,22435.13286828753,17
186,Toyota,4.1,38893,Petrol,Automatic,32672.45994803784,12
187,Audi,4.2,171714,Diesel,Manual,30749.866610742483,7
188,Audi,1.4,161940,Petrol,Manual,18459.902134492582,16
189,Ford,1.5,26309,Diesel,Manual,21001.94072224211,22
190,Ford,2.9,23284,Electric,Automatic,22457.45922165679,20
191,Ford,4.1,126801,Electric,Manual,25792.77988503244,12
192,BMW,4.4,113259,Diesel,Manual,23899.012258394072,22
193,Honda,1.2,100804,Petrol,Manual,21646.88669550848,11
194,BMW,2.2,69000,Diesel,Automatic,25521.107459205068,10
195,Audi,1.7,84179,Diesel,Manual,21088.81547304672,19
196,Toyota,3.6,193179,Electric,Automatic,27437.87334024478,9
197,Honda,3.2,65049,Petrol,Manual,32516.988775776837,7
198,Toyota,1.4,29265,Diesel,Manual,29908.493570740236,7
199,Audi,2.7,23880,Petrol,Automatic,31582.972761520843,9
200,Audi,3.4,84579,Petrol,Manual,25173.40340471428,20
201,Toyota,3.7,131327,Diesel,Automatic,24613.38684843462,15
202,Toyota,1.1,132574,Petrol,Manual,21249.13676464303,10
203,Toyota,4.1,65424,Electric,Automatic,28905.18791851654,18
204,Audi,3.0,70966,Electric,Manual,26000.90943567536,15
205,Ford,3.8,172438,Electric,Automatic,18600.90519506473,19
206,Toyota,3.8,158497,Electric,Automatic,32061.750020259577,4
207,Honda,1.7,183400,Petrol,Manual,18490.145409903835,7
208,Audi,1.4,67396,Electric,Automatic,25966.84564913463,16
209,BMW,3.5,71694,Diesel,Manual,27428.21049301553,17
210,BMW,1.5,136878,Electric,Automatic,14717.798534521346,22
211,Honda,4.0,17106,Diesel,Manual,33193.20910777398,11
212,Ford,3.5,56731,Diesel,Manual,28305.723198605465,13
213,Toyota,3.9,75010,Electric,Manual,25164.951456710096,24
214,Audi,2.0,32599,Electric,Manual,23445.91250499211,24
215,Toyota,2.1,71326,Petrol,Automatic,28056.427042160187,10
216,Audi,3.3,75706,Diesel,Manual,27307.46616196713,17
217,BMW,1.1,9004,Electric,Manual,26520.13514982756,13
218,Toyota,3.5,115018,Petrol,Manual,24772.45019038796,23
219,Honda,3.9,182436,Electric,Manual,24125.41376691525,17
220,Ford,2.5,25792,Electric,Manual,27756.38856335729,13
221,Honda,3.7,195984,Electric,Automatic,28222.52343206645,5
222,Ford,1.6,54645,Diesel,Manual,31414.914571820114,4
223,Toyota,2.1,7232,Electric,Automatic,22818.87668942465,24
224,Toyota,4.4,54766,Petrol,Automatic,27885.18671150585,18
225,Ford,4.5,120601,Electric,Manual,28398.966023555608,17
226,BMW,2.8,81588,Electric,Manual,27991.21249394888,10
227,Audi,4.3,179614,Petrol,Automatic,19639.643780672908,24
228,Honda,2.8,5913,Petrol,Automatic,29606.55813092816,20
229,Honda,2.0,112406,Diesel,Automatic,32946.378001395686,4
230,Honda,1.9,113693,Diesel,Manual,19562.10010603887,18
231,Toyota,4.3,93449,Diesel,Automatic,24485.749498157784,21
232,Honda,1.6,10567,Diesel,Automatic,25819.65802388573,17
233,Audi,3.0,38379,Petrol,Manual,23274.52286547603,25
234,Audi,2.9,319,Electric,Automatic,29536.759777223782,17
235,Ford,3.6,90005,Electric,Manual,25219.392983726,16
236,Toyota,2.7,110990,Electric,Automatic,17818.117960774347,22
237,Audi,2.0,4791,Diesel,Manual,27268.100489699496,23
238,BMW,1.6,131401,Petrol,Automatic,21354.115001607566,16
239,Toyota,3.2,61032,Petrol,Manual,28511.328533321022,11
240,Toyota,3.5,175150,Petrol,Manual,23116.726015841465,15
241,Audi,3.0,88662,Electric,Automatic,30732.80105190751,12
242,BMW,3.6,21300,Diesel,Manual,26058.956762448688,20
243,Ford,1.5,75700,Petrol,Automatic,24137.28042615392,14
244,Audi,4.1,182017,Diesel,Manual,21319.42051819694,13
245,BMW,3.0,55609,Petrol,Manual,29982.86675225236,9
246,Toyota,1.4,191634,Diesel,Manual,20951.490772229117,10
247,BMW,2.6,90045,Petrol,Manual,18468.303488089983,23
248,Toyota,4.0,61901,Diesel,Manual,24030.54726178305,24
249,Audi,4.1,5703,Petrol,Manual,33514.704599059834,15
250,Audi,1.9,63115,Petrol,Manual,24822.650264465177,17
251,Honda,3.5,27676,Diesel,Automatic,23300.93663814228,23
252,Honda,1.3,192782,Diesel,Automatic,21208.44974980448,8
253,Honda,1.1,191149,Electric,Manual,22259.987674374755,6
254,Audi,3.0,121332,Diesel,Manual,26149.371033372063,11
255,Ford,3.4,176512,Petrol,Manual,25653.078618633383,12
256,Audi,3.8,167995,Petrol,Automatic,17521.355362720617,24
257,BMW,2.2,29802,Diesel,Manual,30734.868925583025,9
258,Audi,1.0,90331,Electric,Automatic,24653.04942589353,4
259,Audi,2.7,193976,Diesel,Manual,14999.948313633242,18
260,Toyota,1.1,191234,Petrol,Manual,17700.457962430544,16
261,Toyota,1.3,124786,Petrol,Manual,23901.824940859657,8
262,Toyota,2.1,65169,Electric,Manual,28014.714857767805,7
263,Audi,2.5,68147,Diesel,Manual,21962.337971809284,18
264,Ford,2.0,22075,Petrol,Automatic,27050.454763526683,18
265,BMW,3.0,82015,Petrol,Manual,18883.221254734344,23
266,BMW,1.2,9304,Petrol,Automatic,23920.55493637738,23
267,Ford,1.5,129851,Diesel,Automatic,21909.44474086523,14
268,Ford,3.4,120729,Diesel,Manual,27347.9672239703,4
269,BMW,1.5,59622,Electric,Manual,27270.82282975728,9
270,Honda,3.2,54215,Petrol,Manual,29496.699750732703,22
271,Toyota,1.2,73973,Petrol,Automatic,28080.18656892695,9
272,Toyota,2.4,108654,Electric,Automatic,23211.24564162468,12
273,BMW,1.6,143593,Petrol,Automatic,25453.761364477417,7
274,Ford,1.4,24028,Electric,Manual,21766.77374092624,17
275,Honda,3.0,39328,Electric,Automatic,30290.971647787752,5
276,BMW,4.2,27301,Petrol,Automatic,31400.338660064568,14
277,Toyota,1.2,38015,Diesel,Automatic,22602.55453715815,21
278,Audi,2.5,36845,Diesel,Manual,28780.41063784284,15
279,Ford,3.5,86818,Diesel,Automatic,32809.467449106734,6
280,Audi,2.6,76394,Diesel,Automatic,22369.8002250704,23
281,BMW,3.8,175231,Petrol,Manual,24610.4677458078,5
282,Toyota,1.6,43714,Electric,Manual,26892.43672970543,11
283,Honda,4.4,80722,Electric,Manual,32201.26378326245,12
284,Audi,2.3,25230,Petrol,Automatic,28225.08185321485,15
285,Honda,2.2,92554,Diesel,Automatic,28636.512064114653,6
286,Toyota,4.1,49262,Electric,Automatic,28895.35173382063,18
287,Audi,3.0,41722,Petrol,Manual,25038.93975955444,22
288,Honda,2.8,177431,Petrol,Automatic,17298.65543404631,14
289,Honda,3.5,62796,Diesel,Manual,28669.982285270788,18
290,Audi,3.0,171231,Petrol,Manual,18717.384185026425,20
291,Toyota,1.6,87052,Electric,Automatic,26262.57291497112,11
292,Honda,3.4,100808,Electric,Automatic,21648.308989591565,14
293,BMW,1.5,136311,Petrol,Automatic,26006.433808281246,10
294,Audi,3.8,91951,Electric,Manual,27189.626712454243,10
295,Ford,4.5,50886,Petrol,Manual,40538.38206406105,5
296,Ford,2.3,103424,Electric,Automatic,32167.2807744579,6
297,Toyota,2.6,158267,Diesel,Manual,23136.817961155077,6
298,BMW,1.2,104697,Electric,Automatic,19299.223372518383,22
299,Honda,1.0,96299,Diesel,Automatic,19150.62628419968,15
300,Ford,4.2,165746,Diesel,Automatic,23833.88792825096,13
301,Toyota,1.5,149177,Petrol,Manual,17307.484798045665,17
302,BMW,2.6,160811,Diesel,Manual,18555.311346758783,22
303,BMW,3.9,163041,Electric,Automatic,24797.223580858805,14
304,Toyota,4.1,14497,Electric,Automatic,28071.968356653106,17
305,Toyota,2.8,132888,Diesel,Manual,24835.50280680622,13
306,Honda,3.0,118915,Petrol,Automatic,26146.03174701312,10
307,Toyota,3.3,92019,Diesel,Manual,19857.94423667752,20
308,Honda,4.4,190326,Electric,Automatic,21915.635472461978,16
309,Honda,3.1,109017,Electric,Manual,29070.003706986696,13
310,Audi,3.0,69385,Diesel,Automatic,23730.18745759413,19
311,BMW,1.1,105153,Diesel,Manual,21271.276377948187,7
312,BMW,1.3,33826,Diesel,Automatic,30537.63346549701,7
313,BMW,3.0,110034,Electric,Manual,25643.27963058028,9
314,Audi,4.3,194437,Electric,Manual,24307.00786082489,13
315,Honda,4.0,84242,Electric,Manual,28443.927009183644,13
316,Honda,4.4,123066,Petrol,Manual,35170.04046427376,5
317,Toyota,2.8,50100,Electric,Automatic,22252.433351071624,24
318,Audi,3.8,125170,Electric,Manual,22552.321449320447,16
319,Toyota,3.9,135431,Petrol,Manual,29590.754791876352,4
320,Audi,3.3,96205,Petrol,Automatic,24332.19770190073,13
321,Toyota,2.2,12809,Petrol,Manual,26341.020576671184,17
322,Ford,2.6,64450,Petrol,Automatic,24517.081465674222,25
323,BMW,4.0,38428,Petrol,Manual,34075.536078845515,12
324,BMW,2.0,72790,Petrol,Manual,30942.88100638817,10
325,Honda,4.2,111126,Diesel,Manual,32302.20019179345,6
326,Ford,1.8,90321,Diesel,Manual,25370.1504152862,11
327,BMW,3.6,2093,Diesel,Manual,24098.76388335786,25
328,Honda,3.2,44498,Diesel,Manual,31714.43557797456,9
329,Ford,3.6,116251,Electric,Automatic,26126.727438041304,13
330,BMW,2.5,40985,Petrol,Automatic,30508.00472928432,11
331,Toyota,4.3,32009,Electric,Manual,31255.0400424142,10
332,Audi,3.2,128515,Petrol,Manual,26579.61490862016,10
333,Ford,2.0,17718,Petrol,Automatic,19467.105751971136,24
334,Honda,3.2,16705,Electric,Automatic,33239.97518511037,9
335,Ford,2.0,87618,Diesel,Manual,24970.603763018407,15
336,Honda,2.0,62598,Electric,Manual,20127.079816822334,18
337,Ford,2.4,77878,Electric,Manual,26726.59549262799,6
338,Honda,4.0,12239,Petrol,Manual,24796.089958704462,23
339,BMW,2.8,46622,Petrol,Manual,27413.65008271336,14
340,Toyota,3.4,46665,Petrol,Manual,30171.780774339117,6
341,BMW,2.4,32274,Diesel,Automatic,32443.280444305463,10
342,Toyota,1.9,142491,Electric,Manual,23047.755963016072,12
343,BMW,4.3,108368,Electric,Manual,30879.67915946868,10
344,BMW,3.1,146075,Diesel,Automatic,24718.15422877333,5
345,Ford,4.3,161938,Electric,Automatic,30089.456171056445,9
346,Audi,1.7,153060,Electric,Automatic,21046.218880197124,15
347,Honda,1.5,186966,Petrol,Automatic,19287.00872024147,9
348,Honda,4.0,108563,Diesel,Manual,27488.3141505904,7
349,Honda,3.4,136746,Petrol,Automatic,29310.445553862184,4
350,Toyota,1.7,93103,Diesel,Automatic,16811.987175277452,25
351,Honda,1.9,66446,Petrol,Manual,24127.84632888608,14
352,Honda,3.8,29072,Electric,Automatic,30735.536007843533,11
353,Ford,2.6,33717,Diesel,Automatic,32457.02181468817,8
354,BMW,3.3,157723,Diesel,Manual,19012.699960941336,12
355,Honda,2.1,117202,Petrol,Manual,20199.75558066418,25
356,Audi,2.3,175363,Diesel,Manual,22828.08297743224,13
357,Honda,4.5,122389,Electric,Manual,29301.92037659096,11
358,Toyota,1.9,109525,Electric,Manual,20035.57885909501,19
359,Toyota,2.8,194422,Electric,Manual,24045.001311107168,11
360,Toyota,4.0,4646,Petrol,Manual,36183.181687812605,6
361,Honda,1.8,39713,Diesel,Automatic,24557.49103095305,16
362,Ford,2.5,67936,Petrol,Automatic,29380.6361357122,12
363,Audi,3.2,175403,Electric,Manual,23316.64145009985,20
364,Honda,2.7,22185,Diesel,Automatic,27848.736353178723,12
365,Ford,2.6,84263,Electric,Manual,31336.44862695357,4
366,Ford,2.3,52107,Diesel,Automatic,24321.86624424491,14
367,Honda,3.1,197626,Diesel,Manual,21321.97936452172,15
368,Honda,3.2,17563,Petrol,Automatic,32465.487043249,6
369,Ford,3.3,70729,Diesel,Manual,34986.64651382352,4
370,Ford,1.2,15701,Electric,Automatic,29414.711196077504,7
371,Ford,3.2,179289,Diesel,Manual,17028.507338409574,24
372,Honda,4.3,175682,Electric,Automatic,32578.13019491117,4
373,Ford,2.9,181203,Petrol,Automatic,23773.84416177527,6
374,Toyota,3.5,128331,Electric,Manual,20953.134388211183,25
375,Honda,2.9,160482,Diesel,Automatic,19008.993116232603,18
376,Toyota,4.0,99280,Electric,Automatic,30928.59508768628,12
377,BMW,4.3,189787,Electric,Automatic,25684.160897660648,17
378,Honda,1.6,38665,Diesel,Automatic,20240.93560425007,24
379,BMW,2.5,15957,Electric,Automatic,20813.969200477502,21
380,Ford,2.4,179199,Diesel,Manual,16963.77587569682,18
381,Ford,2.4,194661,Petrol,Manual,26432.22264804351,10
382,Audi,1.4,46008,Electric,Automatic,28815.3716136206,4
383,Ford,3.8,61920,Petrol,Manual,34546.04230079612,10
384,BMW,1.1,163947,Electric,Automatic,17790.078019741508,13
385,Ford,2.8,113828,Electric,Manual,27146.601288212063,6
386,Honda,3.3,123852,Petrol,Automatic,27965.77515400161,11
387,Ford,1.7,132698,Electric,Automatic,17083.781990138225,25
388,Audi,4.2,90815,Electric,Automatic,35063.59836264381,4
389,Ford,3.9,194894,Petrol,Automatic,18065.121117127102,23
390,BMW,2.6,164714,Electric,Manual,20533.02019602912,20
391,BMW,2.4,38311,Diesel,Manual,34307.45018860794,4
392,Ford,1.8,32356,Electric,Manual,29780.256125996588,12
393,BMW,3.6,3809,Electric,Automatic,26262.431889401723,22
394,BMW,1.5,174443,Electric,Manual,23845.10840555782,8
395,Audi,3.4,34875,Petrol,Manual,30013.57771506569,11
396,Honda,3.9,9465,Diesel,Automatic,30012.547540020983,17
397,Audi,1.8,197167,Diesel,Automatic,20886.395924753404,8
398,Toyota,4.0,73844,Electric,Automatic,22311.592178104456,23
399,Audi,1.1,196322,Petrol,Manual,12412.864779280546,16
400,Ford,4.2,86889,Petrol,Manual,33502.99808500944,9
401,Honda,1.4,15250,Diesel,Automatic,22633.00091527371,19
402,Ford,3.3,46023,Petrol,Manual,29759.370550849813,11
403,Toyota,1.9,101350,Electric,Automatic,16271.066439802702,25
404,Honda,3.9,177696,Electric,Manual,22401.890926595406,15
405,BMW,2.8,16427,Petrol,Automatic,30766.84411921527,9
406,Audi,1.5,164348,Electric,Manual,18340.76773888485,21
407,Ford,3.0,71643,Diesel,Manual,23236.84170280647,19
408,Toyota,2.4,134511,Electric,Manual,29503.558295522016,7
409,BMW,3.3,78672,Petrol,Automatic,30944.942798394204,11
410,Audi,4.1,17300,Diesel,Automatic,26386.106017011043,23
411,BMW,2.4,60289,Electric,Automatic,28425.17326959236,11
412,Audi,2.0,148254,Diesel,Manual,18625.992659194268,21
413,Honda,1.1,181984,Petrol,Automatic,19284.01440751678,14
414,BMW,3.0,157981,Electric,Manual,28481.88401544286,6
415,BMW,2.4,19659,Electric,Automatic,25190.31531302548,21
416,BMW,2.3,162475,Diesel,Automatic,14567.40380071618,23
417,Honda,1.6,164658,Electric,Manual,19248.87664902724,17
418,Toyota,2.5,10360,Electric,Manual,27008.987249084952,17
419,Audi,4.4,21424,Electric,Automatic,24150.39001597226,19
420,BMW,2.0,98035,Electric,Automatic,19378.806954119093,24
421,Honda,3.1,48791,Petrol,Manual,31292.22989752252,5
422,Toyota,3.7,134137,Electric,Manual,26276.373846292627,10
423,Audi,3.6,199867,Diesel,Automatic,20218.692271633387,17
424,Honda,2.2,12300,Petrol,Manual,25677.70591326012,13
425,Audi,3.1,33370,Diesel,Automatic,32809.582954226775,7
426,BMW,4.0,27209,Diesel,Automatic,34506.13511145146,6
427,Toyota,1.1,20927,Diesel,Automatic,26399.21002822621,9
428,Honda,2.5,34579,Petrol,Manual,24863.533650036403,20
429,Toyota,1.8,9032,Petrol,Automatic,20268.0075647344,22
430,BMW,2.4,93254,Petrol,Automatic,19288.553556780807,25
431,Toyota,2.5,78413,Electric,Manual,29520.54782700672,8
432,Toyota,3.6,171803,Diesel,Manual,27220.34731923514,7
433,Ford,1.3,113528,Petrol,Manual,21501.368415097284,17
434,Toyota,2.8,184839,Diesel,Automatic,23688.754765104237,13
435,Audi,3.0,123916,Petrol,Manual,22141.504545928503,18
436,Honda,2.7,72302,Petrol,Manual,28975.798969017906,13
437,Ford,3.6,181026,Petrol,Automatic,23978.52966869796,11
438,Honda,2.3,85757,Diesel,Automatic,22913.228252901445,15
439,Honda,4.3,156174,Electric,Automatic,24505.79876320584,14
440,BMW,2.7,165505,Petrol,Automatic,23158.70517974332,12
441,BMW,3.0,15932,Petrol,Manual,27873.75569634464,22
442,Ford,3.9,25714,Petrol,Automatic,25517.225709627583,25
443,BMW,2.0,57803,Electric,Manual,20262.536256793614,22
444,BMW,1.3,170815,Diesel,Automatic,24947.77009364076,7
445,BMW,3.5,133624,Diesel,Automatic,20449.16697730669,17
446,Honda,2.7,56627,Diesel,Manual,24734.23923104735,16
447,Ford,4.1,177059,Diesel,Manual,21632.618756453976,22
448,Honda,4.4,79810,Petrol,Manual,36842.41449307512,6
449,Audi,2.4,45380,Electric,Automatic,26492.36252844079,17
450,Honda,2.5,160322,Petrol,Automatic,22483.67511632766,13
451,Audi,2.4,199416,Electric,Manual,18747.46965961865,14
452,Toyota,2.1,64686,Diesel,Manual,26061.84231609852,15
453,Toyota,3.7,120321,Electric,Automatic,26142.685342021625,14
454,Audi,3.7,45028,Petrol,Manual,31139.53729197091,8
455,Audi,2.7,146367,Petrol,Manual,21963.66246325903,14
456,Honda,1.2,113141,Diesel,Automatic,21508.05800663881,10
457,Audi,2.1,55248,Petrol,Manual,22464.831228761654,21
458,Ford,2.0,10523,Petrol,Automatic,32297.5289460852,6
459,Toyota,3.8,45530,Electric,Automatic,33092.26639729553,14
460,Toyota,1.3,13769,Petrol,Automatic,29716.75574861876,5
461,Audi,3.8,194114,Diesel,Manual,21532.746490393023,15
462,BMW,3.3,112035,Diesel,Manual,26516.61264302641,17
463,BMW,3.6,175717,Petrol,Manual,29524.328700915783,8
464,Audi,2.5,193214,Diesel,Manual,16288.721954797327,23
465,Ford,3.4,156629,Electric,Automatic,26961.423657103594,6
466,BMW,3.1,79782,Electric,Automatic,28264.86466545809,9
467,Audi,3.7,78382,Petrol,Manual,25294.76637027943,12
468,Ford,2.6,168157,Petrol,Manual,13936.613401808594,25
469,Ford,2.7,181780,Electric,Manual,23514.124847007217,9
470,Honda,3.3,182429,Diesel,Manual,19616.57826797136,18
471,Ford,1.4,110939,Petrol,Automatic,19499.865947990053,21
472,BMW,2.5,144542,Petrol,Manual,18382.494426341666,21
473,BMW,4.4,78712,Diesel,Automatic,26412.285406725583,17
474,Audi,1.1,118643,Petrol,Manual,16950.538518690646,23
475,Audi,2.1,107417,Diesel,Manual,31839.68049094693,7
476,Ford,2.1,137877,Diesel,Manual,19671.451665206947,17
477,Toyota,3.2,128256,Diesel,Automatic,29764.97504269076,4
478,Honda,1.4,193100,Diesel,Manual,22338.85116242536,8
479,Toyota,3.2,181844,Diesel,Automatic,22664.56321686147,10
480,Ford,1.3,183176,Electric,Automatic,14986.715073270769,25
481,Ford,1.3,101422,Diesel,Manual,13870.819777764144,24
482,Toyota,3.5,89300,Electric,Automatic,27219.545965462763,12
483,Honda,2.1,6630,Diesel,Automatic,28746.05820498289,12
484,Toyota,4.4,124474,Petrol,Automatic,21878.61549050721,25
485,Audi,1.1,98869,Electric,Manual,19813.58740002017,10
486,BMW,2.6,15701,Petrol,Automatic,33120.4297893222,11
487,Audi,1.4,145931,Diesel,Automatic,22331.88516990167,11
488,BMW,2.2,152255,Diesel,Manual,23532.912890998254,14
489,Ford,4.5,171510,Petrol,Manual,30150.571474927743,10
490,Honda,4.1,97285,Diesel,Automatic,27354.622443325887,12
491,Toyota,1.2,117556,Petrol,Automatic,17533.491998554404,11
492,Honda,3.0,173316,Diesel,Automatic,25626.932150593664,11
493,Toyota,3.3,15021,Diesel,Automatic,33276.18465965322,7
494,Audi,1.7,186637,Electric,Manual,14301.81300825588,18
495,Audi,1.5,179115,Petrol,Manual,14696.84930608102,24
496,Toyota,4.2,64361,Diesel,Automatic,29609.06386426452,24
497,Honda,4.4,132317,Petrol,Manual,25466.33700972334,16
498,Toyota,4.5,172083,Electric,Automatic,22298.082614604635,23
499,Ford,3.8,10355,Petrol,Manual,32107.244413061064,9
500,Audi,3.3,98841,Electric,Manual,20784.434469100896,18
501,Ford,2.2,179764,Petrol,Automatic,17739.680938645983,22
502,Audi,1.6,180076,Petrol,Automatic,20788.346343616537,12
503,Audi,1.3,160786,Electric,Automatic,22629.29433068185,5
504,BMW,3.4,17198,Diesel,Automatic,32852.53861605079,16
505,Ford,3.7,66951,Diesel,Manual,19523.472060686192,25
506,Ford,3.9,132724,Diesel,Manual,19203.73984815596,22
507,BMW,4.2,174697,Petrol,Automatic,17579.414810494927,25
508,Honda,4.1,18740,Petrol,Manual,33550.20598535879,9
509,Ford,4.5,3810,Diesel,Manual,38740.20941505724,9
510,Toyota,1.9,123743,Petrol,Automatic,19711.245875621524,19
511,BMW,3.7,147641,Petrol,Automatic,28132.042020800465,6
512,Ford,3.1,99855,Diesel,Manual,24667.236464418227,11
513,Honda,1.9,26783,Electric,Automatic,29634.11708368306,13
514,Ford,4.4,121701,Petrol,Automatic,19941.668233065524,24
515,Audi,4.1,78047,Petrol,Manual,29748.42741727965,7
516,Toyota,1.4,9471,Petrol,Manual,26525.93371810565,13
517,BMW,1.1,110771,Petrol,Automatic,20987.838049310336,15
518,Audi,3.4,6163,Electric,Manual,34551.564799679385,4
519,Honda,3.1,194159,Diesel,Automatic,23906.08500591521,11
520,Audi,4.3,62071,Petrol,Automatic,28430.497446038506,16
521,Audi,1.8,16065,Diesel,Manual,27902.28787922317,17
522,Honda,1.3,122323,Petrol,Manual,20494.071224166142,17
523,Audi,1.9,117969,Electric,Automatic,29984.50868072827,6
524,BMW,1.1,83456,Diesel,Automatic,16142.742148245025,25
525,Ford,1.1,179420,Electric,Automatic,21916.94204881119,9
526,Audi,4.2,19154,Petrol,Manual,28368.67755637264,14
527,BMW,2.2,105703,Electric,Automatic,28398.167386151785,16
528,Ford,2.4,20229,Electric,Manual,26376.443066942516,21
529,Ford,1.1,52587,Petrol,Automatic,26478.03555555456,8
530,Audi,1.9,49713,Petrol,Manual,26796.099578734294,11
531,BMW,3.8,158069,Diesel,Automatic,20702.503852725466,20
532,Audi,3.2,21101,Petrol,Manual,31025.02324620335,19
533,Honda,3.6,40391,Diesel,Automatic,33977.54900068243,9
534,Ford,2.6,72723,Electric,Automatic,22177.2133952293,20
535,Audi,2.1,190477,Electric,Automatic,14698.519963751436,18
536,Ford,2.7,166020,Diesel,Automatic,23991.209271015832,14
537,BMW,2.1,100264,Petrol,Manual,29863.897852627248,5
538,Toyota,3.9,184103,Petrol,Manual,25507.5913945012,12
539,Audi,2.0,37921,Electric,Manual,26436.4611292362,14
540,Audi,3.3,28460,Diesel,Manual,28077.76510217848,16
541,Ford,1.5,152143,Electric,Manual,28263.29702295948,4
542,BMW,3.4,197190,Electric,Automatic,28997.038478608956,6
543,Honda,4.2,179354,Petrol,Manual,26712.54975128324,11
544,BMW,3.1,91725,Diesel,Manual,25553.431729679814,19
545,Audi,3.0,58445,Electric,Manual,26549.946328341422,17
546,Honda,4.4,82208,Petrol,Manual,25449.62845506619,16
547,BMW,3.2,185888,Electric,Automatic,18646.114487980707,16
548,Toyota,1.9,106283,Electric,Automatic,27278.21380609888,10
549,Ford,2.0,85779,Petrol,Automatic,24258.46069562238,19
550,BMW,3.5,3060,Petrol,Automatic,29955.25401661924,21
551,BMW,3.6,125806,Diesel,Manual,21601.804620174065,23
552,Toyota,2.1,13731,Electric,Manual,33196.04791259053,8
553,Audi,2.2,77830,Diesel,Automatic,24392.22541100154,15
554,Ford,4.5,115871,Petrol,Automatic,30449.230673076603,11
555,BMW,1.4,20719,Petrol,Manual,30354.68526375977,5
556,Honda,2.4,178114,Electric,Manual,22280.728733700234,6
557,BMW,1.2,49116,Diesel,Automatic,22673.343944994536,21
558,Ford,3.9,26325,Diesel,Automatic,33533.998809322286,14
559,BMW,1.3,153669,Electric,Automatic,20364.467560833436,22
560,Toyota,3.4,198511,Electric,Automatic,23402.50800279199,11
561,BMW,1.2,14551,Diesel,Manual,22576.83036324354,17
562,BMW,3.4,93287,Petrol,Manual,23478.768525342373,19
563,Honda,4.0,24278,Petrol,Manual,30014.31722894964,16
564,Toyota,2.4,15141,Electric,Automatic,29339.945613255823,13
565,Toyota,2.8,67913,Diesel,Manual,25646.102513476864,18
566,BMW,2.4,33615,Diesel,Manual,28345.188584793337,14
567,Honda,2.1,122058,Diesel,Automatic,29151.26451693051,4
568,BMW,3.8,193823,Petrol,Automatic,26303.696095385163,7
569,BMW,2.0,112684,Petrol,Automatic,12915.208194446448,25
570,Ford,3.5,27452,Diesel,Automatic,32581.667657386897,10
571,Ford,1.7,153797,Diesel,Automatic,25383.611522614377,4
572,Honda,1.9,50391,Electric,Automatic,29380.983727641866,9
573,Audi,2.2,120288,Electric,Manual,25162.63558884495,8
574,Ford,3.1,113535,Diesel,Manual,24970.301448952778,15
575,Audi,2.6,142770,Diesel,Manual,26673.984375057767,8
576,Toyota,3.6,86711,Petrol,Manual,24544.365596538628,19
577,Ford,1.7,77850,Diesel,Manual,28359.241204460563,8
578,Ford,1.0,109733,Electric,Manual,19153.59986492969,18
579,Honda,3.7,2365,Petrol,Automatic,29095.0676646302,20
580,Audi,3.9,97662,Electric,Automatic,19071.482401886,19
581,Ford,1.2,43372,Electric,Automatic,27443.625430348955,4
582,Ford,3.1,44134,Petrol,Manual,25210.9683686807,16
583,Honda,2.3,37823,Electric,Manual,27141.514435799338,15
584,Honda,3.8,71158,Diesel,Automatic,31585.430466593,13
585,Audi,4.1,96076,Electric,Automatic,26159.369790567744,17
586,Toyota,4.0,133021,Petrol,Automatic,25045.546358609736,19
587,Toyota,3.7,49396,Petrol,Automatic,29226.70531265174,17
588,BMW,1.9,108336,Petrol,Automatic,23662.98684694064,13
589,Ford,3.8,31912,Electric,Manual,27152.35340166336,23
590,Audi,2.9,56947,Diesel,Manual,23444.53743766368,23
591,Ford,1.2,44387,Petrol,Manual,18896.089006414448,25
592,Audi,2.6,195037,Diesel,Automatic,25230.31069933307,5
593,Audi,4.3,16508,Petrol,Manual,39167.862819603455,6
594,Audi,4.1,45592,Diesel,Automatic,26365.897946951394,24
595,Ford,1.4,109249,Diesel,Manual,17773.492240077318,23
596,Honda,3.6,1919,Diesel,Automatic,31349.14883766104,11
597,Ford,3.8,42595,Petrol,Automatic,29802.00029852922,20
598,Audi,1.9,140689,Electric,Manual,18951.45293800211,13
599,BMW,2.7,33298,Electric,Manual,29322.973838803795,5
600,Toyota,3.5,138001,Electric,Manual,19842.87137663502,25
601,Audi,2.5,14456,Diesel,Manual,31015.679617770555,6
602,BMW,1.4,109599,Petrol,Manual,27498.248005694888,7
603,Honda,3.5,86676,Diesel,Automatic,18298.788749268035,25
604,Audi,4.2,83721,Petrol,Manual,35137.56294502124,5
605,BMW,3.3,37924,Diesel,Manual,35845.763869475806,4
606,Audi,3.7,24240,Petrol,Automatic,25924.031928215813,24
607,Ford,2.3,87381,Petrol,Manual,22031.806714839386,11
608,BMW,1.6,9228,Petrol,Automatic,24791.99375936146,12
609,Ford,3.2,21686,Diesel,Manual,33795.57055544985,7
610,Ford,2.1,11920,Electric,Manual,27138.415999229102,15
611,BMW,4.0,7432,Diesel,Automatic,35083.06056980601,11
612,Toyota,1.4,194647,Diesel,Manual,14431.217416537524,20
613,BMW,2.5,110507,Petrol,Manual,27664.28873549533,6
614,Toyota,2.4,130509,Petrol,Manual,16421.914853082533,17
615,Audi,4.3,71725,Electric,Manual,27658.61462354524,21
616,Audi,1.5,164982,Electric,Automatic,21952.607630482187,6
617,BMW,1.0,121764,Petrol,Automatic,14615.388152561552,24
618,Audi,1.8,161298,Electric,Manual,14895.541913781695,20
619,Honda,3.9,59099,Electric,Manual,29264.227872099305,8
620,Ford,1.7,112557,Petrol,Automatic,28716.42565633024,7
621,Ford,1.8,86760,Diesel,Automatic,23852.975389909778,17
622,Toyota,1.5,18013,Electric,Manual,32723.341150708264,5
623,Audi,3.5,21446,Petrol,Automatic,26994.678763801265,20
624,Toyota,1.2,105209,Electric,Automatic,19163.70510806841,12
625,Ford,2.2,193581,Electric,Automatic,23925.03951167561,13
626,Ford,2.0,102261,Petrol,Automatic,23731.53326252679,15
627,Audi,2.9,95739,Electric,Manual,25786.62840015399,14
628,Honda,3.6,557,Electric,Automatic,34453.88395540584,7
629,Honda,2.9,161738,Electric,Manual,21623.98749412477,7
630,Audi,4.3,168461,Diesel,Manual,31460.067464553445,5
631,Audi,4.3,178772,Diesel,Automatic,25545.99298619549,7
632,Toyota,2.3,130878,Electric,Manual,24149.23832572451,13
633,Audi,3.7,99143,Petrol,Manual,29484.517922247127,12
634,Honda,3.6,24578,Electric,Automatic,34139.415243746305,8
635,Audi,4.1,74779,Electric,Automatic,29900.99708066377,14
636,Toyota,2.6,140668,Diesel,Automatic,21358.839503796597,22
637,Toyota,2.9,57500,Diesel,Manual,24840.169176334057,16
638,Toyota,2.5,72534,Diesel,Manual,28702.305180087013,9
639,Toyota,4.0,10129,Electric,Manual,27543.33919064033,22
640,BMW,1.8,194466,Electric,Manual,14697.569904355794,14
641,Audi,1.8,197118,Petrol,Automatic,19316.766659734018,13
642,Ford,2.3,11596,Electric,Manual,27022.70119304937,22
643,Audi,1.8,65355,Electric,Automatic,26584.91831735439,16
644,BMW,3.0,12974,Diesel,Automatic,29066.254418591463,23
645,Toyota,1.5,197745,Diesel,Automatic,15565.311750821516,11
646,BMW,2.1,112004,Diesel,Automatic,21357.055395762483,24
647,Honda,4.2,126794,Diesel,Manual,29429.97952872076,9
648,Honda,2.4,70202,Diesel,Automatic,25991.02501473992,20
649,Audi,3.6,74442,Petrol,Manual,25188.33518160915,18
650,Audi,1.4,152890,Petrol,Automatic,14093.89904241023,23
651,Ford,1.9,174318,Petrol,Automatic,20153.554847546213,8
652,Ford,3.8,55598,Diesel,Automatic,35872.05513281232,4
653,Honda,3.7,133726,Diesel,Manual,20742.6521410635,25
654,Toyota,2.4,33758,Diesel,Automatic,27378.08087553935,10
655,BMW,4.3,24204,Petrol,Automatic,25061.526465974,19
656,Ford,4.2,127309,Diesel,Automatic,22865.04046864679,23
657,Ford,4.4,166000,Petrol,Automatic,22058.340733889465,22
658,Toyota,2.5,184681,Diesel,Manual,16792.04697654847,17
659,Toyota,1.7,30552,Electric,Manual,20496.74317325808,21
660,Audi,3.2,141408,Petrol,Automatic,28641.33635829249,7
661,BMW,3.4,47037,Electric,Automatic,34160.93739664977,11
662,Toyota,1.4,147278,Petrol,Manual,16946.119602183866,18
663,Ford,3.8,34831,Diesel,Manual,25599.17213455413,20
664,Ford,1.1,43563,Diesel,Manual,28119.56692750116,8
665,Honda,2.7,18361,Electric,Automatic,33752.45612969614,7
666,Toyota,2.2,41335,Diesel,Manual,27604.669808215174,11
667,Audi,3.6,74469,Petrol,Automatic,29526.732166983908,19
668,BMW,2.1,25816,Diesel,Manual,28212.57024428336,16
669,Audi,3.9,146691,Diesel,Manual,21202.90858793667,20
670,Ford,3.1,92479,Petrol,Automatic,23891.08405544359,12
671,Audi,3.8,26819,Electric,Manual,35897.89357562975,9
672,Ford,4.5,142813,Electric,Automatic,27243.212472430143,17
673,Ford,3.4,122330,Diesel,Manual,28077.994260076463,7
674,Ford,4.4,8798,Petrol,Automatic,30061.25091522509,21
675,Ford,1.1,156215,Electric,Manual,16088.310205034984,19
676,Ford,2.2,49695,Electric,Manual,30956.447762217937,7
677,Honda,1.4,163819,Diesel,Automatic,21059.150937736635,6
678,Audi,1.9,129544,Petrol,Automatic,16987.761759846308,19
679,Honda,3.9,152254,Electric,Automatic,21309.027465521045,24
680,Honda,1.1,9415,Diesel,Automatic,30104.4796870192,10
681,Toyota,2.8,142157,Diesel,Manual,22510.56594875679,13
682,Toyota,3.0,146080,Diesel,Manual,19697.757848077952,18
683,Toyota,3.0,87638,Diesel,Manual,25413.232904289394,20
684,BMW,2.7,18452,Electric,Manual,24546.87496136964,20
685,Toyota,3.8,195147,Petrol,Manual,20953.472511971533,17
686,Audi,1.5,139192,Diesel,Manual,16397.570043254695,22
687,Honda,2.1,195457,Diesel,Automatic,15493.338109296164,15
688,Audi,3.2,110205,Electric,Manual,22273.978534157337,21
689,Toyota,3.4,18170,Diesel,Manual,33080.31390680832,9
690,BMW,2.4,16259,Diesel,Automatic,33207.43255620322,6
691,BMW,4.1,22099,Petrol,Manual,29411.51173930657,19
692,Honda,2.5,140721,Diesel,Manual,28235.324818826743,11
693,Audi,2.4,129394,Electric,Manual,26653.65646264646,11
694,Ford,1.1,59258,Petrol,Automatic,24814.7180009096,12
695,Audi,2.9,172109,Electric,Automatic,22455.02816769908,13
696,Toyota,3.5,11805,Petrol,Manual,33936.98841550158,15
697,Ford,1.4,43147,Petrol,Automatic,27368.825572010493,13
698,BMW,2.1,74280,Diesel,Manual,27527.994279011105,4
699,Honda,3.7,177125,Diesel,Manual,23441.646445614195,17
700,Honda,2.3,106777,Diesel,Manual,25246.752164119887,16
701,BMW,1.8,97841,Electric,Automatic,22443.38415155157,22
702,Toyota,3.4,124726,Diesel,Manual,26760.716636785022,9
703,BMW,1.7,128359,Diesel,Manual,21533.149009062065,12
704,Toyota,4.1,76215,Petrol,Manual,30005.61995710534,8
705,Ford,1.4,112909,Diesel,Manual,21770.804928672267,15
706,BMW,3.5,95365,Diesel,Manual,30197.4851649114,10
707,Toyota,2.7,10985,Diesel,Automatic,22824.09162664499,25
708,Ford,4.0,12391,Diesel,Manual,29096.81940466168,19
709,BMW,1.4,4861,Petrol,Automatic,21949.514408761872,16
710,Honda,3.4,194654,Diesel,Manual,23086.1981008053,17
711,BMW,3.0,183000,Petrol,Automatic,13720.047256999806,23
712,Audi,2.7,34364,Electric,Manual,33931.35950438561,4
713,BMW,2.7,82399,Diesel,Manual,27256.55966674469,12
714,Audi,3.5,42923,Diesel,Automatic,30945.465937063196,11
715,Ford,4.3,138991,Diesel,Automatic,21288.04375667938,24
716,BMW,1.3,186968,Petrol,Manual,16728.03764855433,12
717,Ford,1.1,85818,Diesel,Automatic,23752.96959161101,10
718,Ford,3.8,178468,Diesel,Automatic,22614.501304504334,19
719,Toyota,1.4,165912,Electric,Manual,17534.71100087327,22
720,Ford,4.5,173327,Petrol,Manual,26991.84812285012,8
721,Ford,3.2,71160,Petrol,Manual,20721.16093904617,21
722,BMW,3.3,128165,Electric,Manual,20134.402297405908,20
723,BMW,1.7,139248,Petrol,Manual,22142.99418970576,19
724,Honda,1.8,33529,Diesel,Automatic,26485.26102002555,11
725,Toyota,3.3,187478,Diesel,Manual,16031.69265948044,25
726,Ford,4.2,144013,Electric,Automatic,24531.174724039647,22
727,Toyota,4.4,1669,Petrol,Manual,26662.757989325783,25
728,Audi,1.7,117373,Petrol,Manual,21200.279220704644,15
729,Ford,1.5,44859,Petrol,Automatic,29846.04658151262,8
730,Toyota,1.2,55786,Electric,Manual,28534.31373505901,12
731,Honda,4.0,182155,Diesel,Automatic,27101.146270610043,4
732,Honda,2.0,171148,Electric,Automatic,22226.790488242365,15
733,Ford,1.0,20323,Diesel,Automatic,23920.792580271354,16
734,Audi,1.8,6021,Electric,Manual,28527.09258907013,9
735,Honda,2.2,39807,Diesel,Manual,23408.76286061512,22
736,Honda,4.5,128305,Petrol,Manual,26269.613884462808,11
737,Audi,2.8,50355,Petrol,Manual,30526.27286292576,10
738,Toyota,1.7,113415,Petrol,Manual,33028.54602226908,5
739,Honda,2.2,175804,Electric,Manual,22821.001630507388,13
740,BMW,2.2,8711,Electric,Automatic,26754.65072441976,17
741,Honda,1.1,194151,Electric,Manual,18596.853815348863,15
742,Toyota,1.5,7904,Petrol,Manual,24741.756542765477,15
743,Toyota,3.4,64033,Diesel,Manual,23571.00072799566,20
744,Ford,1.4,86478,Petrol,Manual,17321.77044957747,25
745,BMW,1.8,120035,Petrol,Automatic,27273.812399699676,4
746,Toyota,2.2,186168,Diesel,Automatic,14004.994361580464,20
747,Audi,3.7,3093,Diesel,Automatic,31632.395015779137,13
748,BMW,3.0,24918,Diesel,Automatic,33964.92256602789,4
749,BMW,3.4,193708,Diesel,Automatic,29698.544695677265,4
750,Audi,3.0,189878,Petrol,Manual,14919.408967330335,21
751,Honda,3.4,140466,Electric,Automatic,23004.602918828856,11
752,Audi,1.0,124501,Petrol,Automatic,23626.367885209133,8
753,Audi,4.3,92510,Diesel,Manual,34776.253205454785,6
754,Honda,1.4,93708,Electric,Manual,24717.78602808103,12
755,Honda,2.4,97819,Electric,Automatic,26514.403786845945,11
756,Honda,3.7,144352,Petrol,Manual,20605.18393999694,21
757,Honda,2.5,36303,Petrol,Manual,25037.059858589662,22
758,Honda,4.3,27453,Petrol,Automatic,28381.128439633416,24
759,Audi,2.6,108886,Electric,Manual,21241.078267630648,19
760,Ford,4.1,60695,Electric,Automatic,26768.00097962714,16
761,Ford,3.8,199521,Electric,Automatic,22239.70580929438,10
762,Toyota,4.4,156837,Diesel,Manual,26215.61855609533,16
763,Ford,4.2,133412,Diesel,Automatic,26140.85335780489,8
764,Ford,4.1,38057,Petrol,Automatic,36651.26835059423,9
765,Audi,3.6,131669,Electric,Manual,28704.298613010797,5
766,Honda,2.3,189060,Petrol,Manual,20766.06386060848,13
767,Honda,1.4,94655,Electric,Manual,18470.670115954184,25
768,Audi,3.4,15025,Petrol,Manual,23681.37856994183,25
769,Ford,4.4,7145,Diesel,Automatic,33522.95431468951,11
770,Audi,3.5,101206,Electric,Manual,21203.640003891152,25
771,Toyota,4.3,186869,Diesel,Manual,19049.108361568786,20
772,Honda,3.8,41723,Electric,Automatic,28378.56647333485,13
773,BMW,1.6,73230,Petrol,Automatic,16582.93551064051,25
774,Toyota,1.9,135902,Electric,Automatic,20423.192572180425,21
775,Toyota,2.2,155002,Diesel,Automatic,20445.74969343067,17
776,Audi,1.6,154824,Electric,Manual,20872.465882247303,9
777,Ford,3.0,108138,Petrol,Manual,28838.61891246819,10
778,Honda,4.4,62040,Electric,Automatic,26722.489506334237,18
779,BMW,3.7,108668,Diesel,Automatic,25065.775596685184,9
780,Toyota,2.5,198768,Petrol,Automatic,22455.217982320704,11
781,BMW,1.0,195720,Diesel,Automatic,14506.461903619813,25
782,Ford,2.1,55030,Electric,Manual,27064.579343038036,14
783,Ford,2.8,56815,Diesel,Automatic,19984.57609712983,21
784,BMW,2.1,112789,Electric,Manual,20013.43919955849,20
785,Honda,1.4,166762,Petrol,Automatic,12912.744000494074,25
786,Ford,2.5,57923,Diesel,Manual,21860.274325287784,25
787,BMW,1.9,167644,Diesel,Manual,17223.26144626241,16
788,Toyota,4.2,185102,Electric,Manual,21977.94549981292,16
789,BMW,1.4,67904,Diesel,Manual,16564.634033954575,23
790,BMW,1.2,160275,Diesel,Automatic,21829.79156488277,9
791,Audi,1.0,77088,Petrol,Manual,23379.808161454923,7
792,Ford,2.1,5608,Electric,Automatic,28794.44897144587,15
793,Honda,3.3,45667,Electric,Manual,30315.555621993903,8
794,Honda,3.6,55547,Petrol,Manual,17639.82091740691,24
795,Audi,2.6,153557,Petrol,Automatic,22109.666286198262,17
796,Honda,3.4,140934,Electric,Automatic,27741.3800384248,9
797,BMW,2.3,128391,Petrol,Manual,26386.3340955414,12
798,Audi,3.3,75948,Petrol,Manual,19122.362985660187,22
799,Toyota,1.1,71880,Petrol,Automatic,24296.900920327236,9
800,Ford,2.4,57560,Electric,Manual,29185.18592112373,9
801,Ford,3.8,115063,Petrol,Automatic,27490.26178607263,14
802,Ford,3.8,94218,Diesel,Automatic,28463.332124521134,6
803,BMW,3.5,114462,Diesel,Automatic,29639.81991545443,8
804,Toyota,1.7,159487,Electric,Manual,14282.096182781224,23
805,Audi,1.9,195595,Petrol,Manual,14310.09267302652,15
806,Audi,4.5,150395,Diesel,Automatic,27478.88802589669,8
807,Ford,1.4,184286,Electric,Automatic,15114.454273227717,22
808,Toyota,1.6,17997,Diesel,Automatic,25673.5538552674,9
809,Toyota,1.5,121266,Petrol,Automatic,25710.80367921752,8
810,Toyota,2.1,188075,Electric,Manual,16363.006004803525,21
811,Honda,1.7,3679,Diesel,Automatic,28208.33184570986,12
812,Honda,2.7,40308,Electric,Manual,23614.2049800315,16
813,Ford,2.7,170914,Diesel,Automatic,19744.4023531317,11
814,Toyota,4.2,196480,Diesel,Manual,16779.03670973529,25
815,Toyota,1.1,185010,Petrol,Manual,17199.61995623003,10
816,Audi,2.1,5695,Petrol,Manual,27247.73278901873,15
817,Audi,3.1,58499,Diesel,Manual,33587.414314696594,6
818,Ford,3.1,23382,Electric,Manual,25984.857565168146,20
819,Toyota,2.7,14235,Electric,Automatic,33587.36012453767,4
820,Ford,3.9,193295,Petrol,Automatic,24035.944448670376,10
821,Audi,1.2,133438,Diesel,Manual,17254.90386193008,24
822,Audi,3.9,158539,Petrol,Automatic,21459.78977497134,25
823,Honda,2.7,190388,Diesel,Automatic,19724.467424347014,17
824,Ford,1.5,112468,Diesel,Automatic,27149.783034796783,4
825,Ford,4.1,6764,Petrol,Automatic,32820.925229711924,14
826,Toyota,3.3,113831,Electric,Automatic,30764.35380450617,9
827,Toyota,1.6,61836,Petrol,Automatic,27060.70552017444,11
828,Honda,1.1,31923,Diesel,Automatic,31648.72781951309,7
829,BMW,1.5,95711,Petrol,Manual,26876.28029602585,4
830,BMW,3.1,16292,Electric,Automatic,26214.261960597112,16
831,BMW,1.6,124913,Electric,Automatic,20116.23103206856,14
832,Ford,1.8,132686,Diesel,Automatic,21340.10613849594,12
833,Ford,1.1,20939,Petrol,Manual,27362.10585547259,17
834,Audi,3.5,18800,Electric,Manual,32532.827489072028,13
835,Ford,3.8,56440,Petrol,Automatic,23503.08695136477,23
836,Ford,3.8,154318,Electric,Manual,30500.922353865397,5
837,Ford,1.4,127521,Diesel,Manual,21664.78777781604,12
838,Honda,4.2,183877,Diesel,Automatic,31475.253384153933,5
839,Ford,3.4,121327,Petrol,Manual,23566.24751062191,16
840,Toyota,4.1,49648,Diesel,Automatic,29139.821485842825,10
841,Toyota,2.6,115192,Electric,Manual,21066.897866998635,19
842,Audi,2.5,187923,Diesel,Automatic,15437.541335845408,22
843,Honda,3.7,162760,Electric,Manual,25075.546704103363,6
844,Toyota,1.3,93498,Electric,Automatic,23096.923514556613,15
845,Honda,2.8,29764,Diesel,Automatic,33461.2376606341,10
846,Honda,3.9,32470,Electric,Manual,32431.531352554262,6
847,Audi,3.9,169573,Electric,Automatic,21766.770785844343,22
848,Honda,4.3,57207,Petrol,Automatic,34026.38834535573,4
849,Ford,3.4,62157,Petrol,Manual,33142.712886753456,4
850,Honda,1.7,134288,Petrol,Automatic,23426.05555120308,9
851,Audi,1.1,153144,Diesel,Automatic,19493.37826986215,13
852,Audi,2.7,93778,Petrol,Manual,25657.26534399011,15
853,Audi,2.8,130016,Electric,Automatic,17050.834719104532,23
854,Toyota,1.8,124288,Diesel,Manual,22972.200218212456,17
855,Ford,1.4,168204,Diesel,Automatic,16896.885513433524,20
856,Toyota,3.1,110573,Diesel,Manual,31842.51555267945,4
857,BMW,3.7,120730,Diesel,Manual,28803.36809414977,5
858,Ford,4.5,148933,Electric,Automatic,23323.802277925504,15
859,Honda,3.7,64186,Electric,Manual,33056.12686374881,10
860,Audi,3.8,4960,Petrol,Automatic,33036.5015082724,7
861,BMW,3.2,18781,Diesel,Automatic,26759.560482450885,21
862,Ford,4.5,31126,Petrol,Manual,34981.69166337588,12
863,Toyota,3.2,153650,Electric,Automatic,25463.89606179028,9
864,Audi,4.0,106034,Diesel,Automatic,25038.454126059263,23
865,Toyota,4.3,17883,Electric,Manual,27662.73339241233,22
866,Ford,4.3,29782,Petrol,Automatic,31056.06400243794,10
867,Ford,2.3,56387,Electric,Automatic,29028.99508221764,10
868,BMW,1.3,148051,Diesel,Manual,24594.04206742891,5
869,Honda,1.6,33746,Diesel,Automatic,27388.65248761482,22
870,Toyota,1.2,66266,Petrol,Automatic,25196.48226777396,7
871,BMW,1.4,56,Diesel,Manual,29293.5057893413,9
872,Audi,1.6,31457,Electric,Automatic,25165.41875963256,13
873,Honda,2.2,133315,Electric,Automatic,26949.280836856407,4
874,BMW,2.9,186103,Electric,Manual,15129.245135187266,25
875,Toyota,3.5,132773,Electric,Automatic,23116.750355878983,14
876,Ford,1.7,187453,Petrol,Automatic,15463.825219393775,22
877,Audi,3.4,181510,Electric,Manual,21296.212255821072,15
878,Toyota,3.5,73839,Petrol,Manual,26999.01593576784,21
879,Honda,3.0,80636,Electric,Automatic,20171.0857534227,24
880,Honda,4.2,107697,Petrol,Automatic,33737.89614263645,9
881,Ford,1.4,66483,Electric,Manual,22527.59801275029,18
882,Ford,1.6,20505,Electric,Automatic,26217.4168791702,20
883,Audi,2.5,137625,Petrol,Automatic,27349.656931245736,5
884,Audi,1.4,33525,Diesel,Automatic,22562.441200288053,17
885,Ford,3.0,96008,Diesel,Manual,25672.558159681736,13
886,Ford,2.4,44348,Diesel,Automatic,23809.063578324625,15
887,Honda,2.0,7273,Petrol,Automatic,29913.282767612985,10
888,Ford,1.6,64236,Diesel,Manual,26832.38575226366,10
889,BMW,2.2,134607,Diesel,Manual,17261.095591370893,24
890,Toyota,3.1,149749,Petrol,Manual,24872.86445027373,16
891,Ford,3.0,107157,Diesel,Automatic,24843.882337874187,14
892,Audi,1.6,908,Diesel,Automatic,21866.61281431557,18
893,BMW,1.4,108352,Diesel,Manual,28470.530021919563,15
894,Audi,1.1,95967,Petrol,Automatic,19520.432917033355,16
895,BMW,1.0,88989,Petrol,Automatic,24488.04021758249,13
896,Ford,4.1,35079,Diesel,Automatic,30437.55665791036,9
897,Toyota,1.2,111889,Diesel,Automatic,19295.97434693671,19
898,Audi,3.6,49323,Petrol,Manual,23144.758383857265,23
899,BMW,4.1,176392,Diesel,Manual,22235.130083510947,6
900,Honda,1.3,89909,Petrol,Automatic,22538.930009914908,13
901,Ford,2.5,46105,Diesel,Manual,30594.619283539007,7
902,Toyota,4.4,161236,Petrol,Automatic,22300.428152687666,19
903,Ford,3.9,132957,Electric,Automatic,24638.376696567437,17
904,Honda,2.7,188891,Electric,Manual,23416.4338265483,7
905,Toyota,3.7,1049,Petrol,Manual,32485.849632273097,13
906,Honda,3.9,53281,Electric,Automatic,34976.17400330859,4
907,Ford,2.2,43271,Diesel,Automatic,24666.09382245913,18
908,BMW,4.1,66697,Petrol,Automatic,34023.598335595845,4
909,Ford,2.6,197423,Petrol,Automatic,21041.542979408783,8
910,Ford,2.8,36534,Diesel,Manual,24462.19120800823,24
911,Ford,4.5,93034,Diesel,Manual,31282.30530540028,8
912,Audi,4.0,58097,Petrol,Automatic,31867.498548904205,8
913,Honda,2.3,184885,Diesel,Automatic,20380.33862100852,15
914,Honda,1.0,25037,Petrol,Manual,20172.066054003128,25
915,Honda,3.2,167079,Diesel,Automatic,22149.60935755684,12
916,Audi,3.5,27278,Petrol,Manual,34637.41728587654,10
917,BMW,3.3,139344,Diesel,Automatic,21254.35203017524,15
918,Ford,4.4,188255,Diesel,Manual,16324.30091217851,25
919,BMW,4.0,99173,Electric,Automatic,26378.05793568692,19
920,Audi,2.6,38294,Electric,Automatic,33287.57119482889,10
921,Honda,1.2,73277,Electric,Automatic,23081.34561554113,12
922,Ford,2.7,193581,Diesel,Manual,22546.59274546629,11
923,Toyota,3.4,4694,Petrol,Manual,29680.57288346329,12
924,Toyota,3.1,58150,Diesel,Automatic,30434.52936782139,5
925,BMW,2.9,67470,Electric,Automatic,28690.896383441363,15
926,Honda,2.6,21556,Diesel,Automatic,31353.726061514277,10
927,Toyota,2.0,195543,Electric,Automatic,24549.309510281557,7
928,BMW,2.0,180927,Electric,Manual,24126.267508872705,9
929,Audi,2.8,49086,Petrol,Manual,20466.60061376525,20
930,BMW,1.6,149979,Petrol,Manual,17309.141319888822,15
931,BMW,2.2,179559,Electric,Automatic,22971.00160315562,9
932,BMW,2.1,160230,Electric,Automatic,15794.32003811888,17
933,Ford,3.1,151365,Diesel,Manual,24023.13991479184,8
934,BMW,1.2,176833,Electric,Automatic,23412.28480882082,9
935,BMW,3.9,99468,Diesel,Manual,26243.46824677823,14
936,Ford,3.0,33387,Electric,Manual,35251.24715724207,4
937,Ford,3.3,171822,Petrol,Manual,27452.563459695324,4
938,Audi,3.5,68602,Petrol,Manual,23210.02749141077,21
939,Honda,2.0,152328,Electric,Automatic,17055.181454598933,15
940,Toyota,2.6,136666,Diesel,Manual,19333.304213128755,22
941,Toyota,4.3,2460,Diesel,Automatic,31886.211078137727,22
942,BMW,3.7,72356,Diesel,Manual,22479.14504046849,23
943,Audi,4.4,54698,Electric,Manual,33202.29670845772,9
944,BMW,3.6,101746,Electric,Manual,21073.122393296017,19
945,Toyota,1.6,16191,Petrol,Manual,21546.099617499905,22
946,Ford,1.2,84631,Petrol,Automatic,23850.21331892312,13
947,Honda,3.0,10529,Electric,Automatic,31460.981640799622,14
948,Audi,2.3,32175,Petrol,Automatic,23103.147499916373,25
949,Ford,2.0,17675,Diesel,Automatic,28053.147378505528,5
950,Honda,3.8,174230,Diesel,Manual,25974.630321730518,7
951,Audi,2.3,46798,Electric,Automatic,29325.53777941075,5
952,Audi,2.1,70910,Diesel,Automatic,28536.443448365917,6
953,Toyota,4.0,130400,Electric,Manual,28757.617129025308,8
954,Ford,4.0,157048,Diesel,Automatic,26280.303782390474,15
955,Audi,2.2,194188,Electric,Automatic,23781.07407338705,6
956,Audi,3.9,78678,Diesel,Automatic,26701.763945774168,23
957,Honda,4.0,62821,Diesel,Automatic,30459.92937114564,9
958,Toyota,2.5,12204,Petrol,Manual,26055.64688415636,14
959,BMW,1.2,186737,Petrol,Manual,19473.63528164093,16
960,Toyota,1.0,7394,Petrol,Automatic,24997.210475801265,18
961,BMW,2.8,64814,Petrol,Manual,26872.756465282208,11
962,Ford,2.2,33593,Petrol,Automatic,24595.995757020573,21
963,Ford,4.5,173036,Petrol,Automatic,22518.719134398863,22
964,Audi,3.7,115064,Electric,Automatic,30885.181626015183,5
965,Ford,3.7,53365,Electric,Manual,31773.677143946923,6
966,Audi,4.3,131515,Petrol,Manual,29141.724390288648,7
967,Toyota,4.1,159252,Electric,Manual,29818.642995699603,5
968,Ford,2.1,179863,Petrol,Manual,16104.625910711376,22
969,Toyota,1.6,174737,Electric,Manual,22887.67011557083,11
970,Toyota,3.6,103700,Diesel,Manual,28463.17957519594,9
971,Ford,2.3,97077,Electric,Automatic,22318.62880324897,14
972,Toyota,2.7,134537,Electric,Manual,23827.258659140065,23
973,Ford,3.2,68247,Electric,Automatic,26836.626398975477,16
974,Ford,4.2,182631,Diesel,Automatic,26936.975515779075,11
975,Ford,2.5,156270,Petrol,Manual,21730.19674405176,16
976,BMW,3.7,54740,Electric,Automatic,32536.148877121777,8
977,Toyota,1.9,153560,Electric,Automatic,14666.512538513663,25
978,Honda,3.4,169587,Diesel,Automatic,12713.01859328416,23
979,Ford,1.0,27898,Petrol,Manual,27478.65751840436,5
980,Toyota,4.1,132991,Electric,Manual,26708.68842683459,14
981,Audi,1.1,181142,Diesel,Automatic,6704.953523986209,25
982,Ford,3.5,62613,Petrol,Manual,24012.58678542056,23
983,Ford,1.2,96707,Petrol,Automatic,18887.111021728648,23
984,Honda,1.9,111777,Electric,Manual,20877.707234206868,21
985,BMW,2.7,47003,Electric,Automatic,32246.16049492941,7
986,BMW,2.5,48478,Electric,Automatic,23492.883903234226,25
987,Ford,1.7,145506,Electric,Manual,19835.92276648376,22
988,Toyota,2.2,177318,Diesel,Manual,18226.33587081837,22
989,Audi,3.5,167721,Diesel,Manual,26007.61279780386,9
990,Audi,3.3,59030,Electric,Manual,28879.26029045449,12
991,Toyota,1.3,184133,Petrol,Manual,21122.62574910538,8
992,Ford,3.6,133071,Electric,Automatic,18995.45369665056,25
993,Audi,1.2,145921,Petrol,Automatic,26839.11146449125,4
994,BMW,2.9,52800,Petrol,Automatic,30804.200416601976,10
995,Toyota,1.9,5445,Petrol,Manual,22765.597091106545,23
996,Honda,3.1,149112,Diesel,Manual,30392.575567224198,5
997,Ford,1.9,195387,Petrol,Automatic,16446.89229193078,17
998,Toyota,4.4,246,Petrol,Automatic,27396.156707853446,22
999,Audi,2.1,31153,Diesel,Automatic,31620.864906698407,5
